ProductName,UnitPrice
"Uncle Bob's Organic Dried Pears",30.0000
"Northwoods Cranberry Sauce",40.0000
"Mishi Kobe Niku",97.0000
Ikura,31.0000
"Queso Manchego La Pastora",38.0000
"Alice Mutton",39.0000
"Carnarvon Tigers",62.5000
"Sir Rodney's Marmalade",81.0000
"Gumbr Gummibrchen",31.2300
"Schoggi Schokolade",43.9000
"Rssle Sauerkraut",45.6000
"Thringer Rostbratwurst",123.7900
"Mascarpone Fabioli",32.0000
"Cte de Blaye",263.5000
"Ipoh Coffee",46.0000
"Manjimup Dried Apples",53.0000
"Perth Pasties",32.8000
"Gnocchi di nonna Alice",38.0000
"Raclette Courdavault",55.0000
"Camembert Pierrot",34.0000
"Tarte au sucre",49.3000
Vegie-spread,43.9000
"Wimmers gute Semmelkndel",33.2500
Gudbrandsdalsost,36.0000
"Mozzarella di Giovanni",34.8000
